"","testData.Churn","testData.temp.name"
"1",0,"0013-MHZWF"
"2",0,"0056-EPFBG"
"3",1,"0067-DKWBL"
"4",0,"0076-LVEPS"
"5",0,"0096-FCPUF"
"6",1,"0117-LFRMW"
"7",1,"0156-FVPTA"
"8",0,"0191-EQUUH"
"9",0,"0228-MAUWC"
"10",0,"0277-BKSQP"
"11",0,"0282-NVSJS"
"12",0,"0295-QVKPB"
"13",0,"0314-TKOSI"
"14",1,"0322-CHQRU"
"15",0,"0377-JBKKT"
"16",0,"0384-RVBPI"
"17",0,"0411-EZJZE"
"18",1,"0415-MOSGF"
"19",0,"0440-QEXBZ"
"20",0,"0674-EYYZV"
"21",0,"0701-TJSEF"
"22",1,"0742-MOABM"
"23",0,"0774-IFUVM"
"24",1,"0778-NELLA"
"25",0,"0799-DDIHE"
"26",1,"0822-GAVAP"
"27",1,"0823-HSCDJ"
"28",0,"0842-IWYCP"
"29",0,"0856-NAOES"
"30",0,"0867-LDTTC"
"31",1,"0870-VEMYL"
"32",0,"0872-JCPIB"
"33",0,"0909-SDHNU"
"34",0,"0929-HYQEW"
"35",1,"1024-GUALD"
"36",0,"1097-FSPVW"
"37",0,"1104-FEJAM"
"38",1,"1114-CENIM"
"39",0,"1125-SNVCK"
"40",0,"1134-YWTYF"
"41",1,"1251-KRREG"
"42",0,"1304-BCCFO"
"43",1,"1322-AGOQM"
"44",1,"1324-NLTJE"
"45",0,"1356-MKYSK"
"46",0,"1360-RCYRT"
"47",0,"1371-DWPAZ"
"48",0,"1406-PUQVY"
"49",0,"1442-BQPVU"
"50",0,"1452-XRSJV"
"51",0,"1465-LNTLJ"
"52",1,"1496-GGSUK"
"53",1,"1501-SGHBW"
"54",1,"1541-ETJZO"
"55",0,"1564-HJUVY"
"56",1,"1597-FZREH"
"57",1,"1612-EOHDH"
"58",0,"1636-NTNCO"
"59",1,"1660-HSOOQ"
"60",0,"1684-FLBGS"
"61",0,"1697-NVVGY"
"62",0,"1702-CCFNJ"
"63",0,"1703-MGIAB"
"64",0,"1777-JYQPJ"
"65",1,"1794-HBQTJ"
"66",0,"1816-FLZDK"
"67",0,"1845-ZLLIG"
"68",1,"1963-SVUCV"
"69",0,"2045-BMBTJ"
"70",1,"2091-MJTFX"
"71",0,"2108-GLPQB"
"72",1,"2108-YKQTY"
"73",1,"2135-RXIHG"
"74",0,"2155-AMQRX"
"75",1,"2207-NHRJK"
"76",1,"2207-OBZNX"
"77",0,"2209-XADXF"
"78",1,"2232-DMLXU"
"79",0,"2235-DWLJU"
"80",0,"2272-UOINI"
"81",1,"2309-OSFEU"
"82",0,"2338-BQEZT"
"83",0,"2346-DJQTB"
"84",1,"2391-SOORI"
"85",1,"2408-WITXK"
"86",0,"2436-QBZFP"
"87",0,"2458-EOMRE"
"88",1,"2460-FPSYH"
"89",0,"2582-FFFZR"
"90",0,"2607-FBDFF"
"91",0,"2740-TVLFN"
"92",0,"2775-SEFEE"
"93",0,"2782-JEEBU"
"94",0,"2801-NISEI"
"95",1,"2810-FTLEM"
"96",0,"2826-DXLQO"
"97",1,"2842-JTCCU"
"98",0,"2862-PFNIK"
"99",0,"2887-JPYLU"
"100",0,"2971-SGAFL"
"101",0,"2985-JUUBZ"
"102",0,"3058-WQDRE"
"103",1,"3063-QFSZL"
"104",0,"3082-VQXNH"
"105",0,"3090-LETTY"
"106",0,"3097-IDVPU"
"107",1,"3132-TVFDZ"
"108",0,"3164-YAXFY"
"109",1,"3165-HDOEW"
"110",0,"3221-CJMSG"
"111",0,"3234-VKACU"
"112",0,"3255-GRXMG"
"113",0,"3258-SANFR"
"114",1,"3285-UCQVC"
"115",1,"3346-BRMIS"
"116",0,"3347-YJZZE"
"117",0,"3413-BMNZE"
"118",0,"3413-CSSTH"
"119",0,"3439-GVUSX"
"120",0,"3466-WAESX"
"121",1,"3538-WZPHD"
"122",1,"3580-REOAC"
"123",0,"3604-WLABM"
"124",0,"3620-MWJNE"
"125",0,"3621-CHYVB"
"126",0,"3629-WEAAM"
"127",0,"3640-JQGJG"
"128",1,"3656-TKRVZ"
"129",1,"3658-KIBGF"
"130",0,"3665-JATSN"
"131",0,"3689-MOZGR"
"132",0,"3694-DELSO"
"133",0,"3780-YVMFA"
"134",0,"3798-EPWRR"
"135",1,"3806-DXQOM"
"136",0,"3808-HFKDE"
"137",0,"3863-QSTYI"
"138",1,"3866-MDTUB"
"139",0,"3873-NFTGI"
"140",0,"3896-RCYYE"
"141",1,"3946-MHCZW"
"142",1,"3948-XHGNA"
"143",0,"3961-SXAXY"
"144",0,"3999-WRNGR"
"145",0,"4011-ARPHK"
"146",0,"4012-ZTHBR"
"147",1,"4013-UBXWQ"
"148",0,"4065-JJAVA"
"149",0,"4104-PVRPS"
"150",0,"4177-JPDFU"
"151",1,"4237-RLAQD"
"152",0,"4256-ZWTZI"
"153",0,"4282-ACRXS"
"154",0,"4316-XCSLJ"
"155",0,"4324-BZCKL"
"156",0,"4360-QRAVE"
"157",1,"4361-JEIVL"
"158",0,"4431-EDMIQ"
"159",1,"4432-ADRLB"
"160",0,"4452-QIIEB"
"161",0,"4456-RHSNB"
"162",0,"4468-YDOVK"
"163",0,"4482-FTFFX"
"164",0,"4501-VCPFK"
"165",0,"4522-AKYLR"
"166",0,"4581-LNWUM"
"167",0,"4646-QZXTF"
"168",0,"4647-XXZAM"
"169",1,"4701-MLJPN"
"170",0,"4718-DHSMV"
"171",0,"4726-DLWQN"
"172",1,"4729-XKASR"
"173",0,"4747-LCAQL"
"174",0,"4819-HJPIW"
"175",1,"4918-QLLIW"
"176",1,"4925-LMHOK"
"177",0,"4926-UMJZD"
"178",1,"4929-BSTRX"
"179",0,"4950-BDEUX"
"180",1,"4958-GZWIY"
"181",1,"4959-JOSRX"
"182",0,"5061-PBXFW"
"183",1,"5087-SUURX"
"184",1,"5103-MHMHY"
"185",0,"5133-POWUA"
"186",0,"5133-VRSAB"
"187",0,"5155-AZQPB"
"188",1,"5175-AOBHI"
"189",1,"5204-QZXPU"
"190",1,"5233-GEEAX"
"191",1,"5261-QSHQM"
"192",1,"5295-PCJOO"
"193",0,"5307-UVGNB"
"194",0,"5311-IHLEI"
"195",0,"5337-IIWKZ"
"196",0,"5349-AZPEW"
"197",1,"5378-IKEEG"
"198",0,"5402-HTOTQ"
"199",0,"5404-GGUKR"
"200",0,"5423-BHIXO"
"201",0,"5445-GLVOT"
"202",0,"5533-RJFTJ"
"203",0,"5543-QDCRY"
"204",0,"5590-ZSKRV"
"205",0,"5651-WYIPH"
"206",1,"5673-FSSMF"
"207",0,"5701-ZIKJE"
"208",1,"5707-ORNDZ"
"209",1,"5766-XQXMQ"
"210",0,"5778-BVOFB"
"211",0,"5858-EAFCZ"
"212",0,"5882-CMAZQ"
"213",1,"5909-ECHUI"
"214",0,"5939-XAIXZ"
"215",1,"5949-EBSQK"
"216",0,"5949-HGVJL"
"217",1,"5995-OIGLP"
"218",0,"5999-LCXAO"
"219",0,"6127-IYJOZ"
"220",0,"6133-OZILE"
"221",0,"6137-MFAJN"
"222",1,"6142-VSJQO"
"223",0,"6158-HDPXZ"
"224",0,"6180-YBIQI"
"225",1,"6207-WIOLX"
"226",1,"6235-VDHOM"
"227",1,"6240-EURKS"
"228",0,"6260-ONULR"
"229",1,"6317-YPKDH"
"230",0,"6322-HRPFA"
"231",1,"6331-LWDTQ"
"232",0,"6344-SFJVH"
"233",0,"6366-XIVKZ"
"234",1,"6397-JNZZG"
"235",0,"6402-EJMWF"
"236",0,"6434-TTGJP"
"237",0,"6464-KEXXH"
"238",0,"6475-VHUIZ"
"239",0,"6483-OATDN"
"240",0,"6497-TILVL"
"241",0,"6505-OZNPG"
"242",0,"6507-DTJZV"
"243",0,"6575-SUVOI"
"244",1,"6629-CZTTH"
"245",0,"6629-LADHQ"
"246",0,"6637-KYRCV"
"247",0,"6704-UTUKK"
"248",0,"6713-OKOMC"
"249",1,"6715-OFDBP"
"250",0,"6752-APNJL"
"251",0,"6789-HJBWG"
"252",0,"6791-YBNAK"
"253",0,"6865-JZNKO"
"254",0,"6873-UDNLD"
"255",0,"6888-SBYAI"
"256",0,"6898-MDLZW"
"257",1,"6905-NIQIN"
"258",0,"6921-OZMFH"
"259",0,"7009-LGECI"
"260",1,"7016-BPGEU"
"261",0,"7041-TXQJH"
"262",1,"7054-LGEQW"
"263",0,"7074-STDCN"
"264",0,"7130-CTCUS"
"265",0,"7143-BQIBA"
"266",1,"7240-ETPTR"
"267",1,"7242-QZLXF"
"268",0,"7246-ZGQDF"
"269",0,"7284-BUYEC"
"270",0,"7312-XSBAT"
"271",0,"7318-EIVKO"
"272",0,"7319-VENRZ"
"273",0,"7339-POGZN"
"274",0,"7351-KYHQH"
"275",0,"7351-MHQVU"
"276",1,"7384-GHBPI"
"277",0,"7395-XWZOY"
"278",0,"7421-ZLUPA"
"279",0,"7442-YGZFK"
"280",0,"7459-IMVYU"
"281",1,"7470-MCQTK"
"282",0,"7502-BNYGS"
"283",0,"7521-AFHAB"
"284",0,"7537-RBWEA"
"285",1,"7593-JNWRU"
"286",0,"7595-EHCDL"
"287",0,"7605-SNLQG"
"288",1,"7615-ESMYF"
"289",1,"7619-ODSGN"
"290",0,"7669-LCRSD"
"291",1,"7675-OZCZG"
"292",0,"7729-JTEEC"
"293",0,"7733-UDMTP"
"294",0,"7746-AWNQW"
"295",0,"7754-IXRMC"
"296",0,"7766-CLTIC"
"297",0,"7799-DSEWS"
"298",0,"7811-JIVPF"
"299",1,"7825-GKXMW"
"300",0,"7839-NUIAA"
"301",1,"7854-EDSSA"
"302",0,"7872-RDDLZ"
"303",1,"7932-WPTDS"
"304",0,"7950-XWOVN"
"305",0,"7989-VCQOH"
"306",0,"8017-UVSZU"
"307",0,"8033-ATFAS"
"308",0,"8049-WJCLQ"
"309",0,"8064-RAVOH"
"310",1,"8066-POXGX"
"311",0,"8201-AAXCB"
"312",0,"8217-QYOHV"
"313",1,"8280-MQRQN"
"314",1,"8292-TYSPY"
"315",0,"8344-WFMFH"
"316",1,"8399-YNDCH"
"317",0,"8401-EMUWF"
"318",1,"8450-JOVAH"
"319",0,"8450-UYIBU"
"320",0,"8455-HIRAQ"
"321",0,"8467-WYNSR"
"322",0,"8495-PRWFH"
"323",0,"8498-XXGWA"
"324",0,"8582-KRHPJ"
"325",0,"8644-XYTSV"
"326",0,"8648-PFRMP"
"327",1,"8650-RHRKE"
"328",0,"8663-UPDGF"
"329",0,"8671-KKKOS"
"330",0,"8705-WZCYL"
"331",1,"8718-PTMEZ"
"332",0,"8735-DCXNF"
"333",1,"8740-XLHDR"
"334",0,"8741-LQOBK"
"335",0,"8756-RDDLT"
"336",1,"8775-CEBBJ"
"337",1,"8779-QRDMV"
"338",1,"8824-RWFXJ"
"339",0,"8851-RAGOV"
"340",1,"8901-HJXTF"
"341",1,"8992-JQYUN"
"342",0,"9013-AQORL"
"343",0,"9026-LHEVG"
"344",1,"9039-RBEEE"
"345",0,"9074-KGVOX"
"346",1,"9103-TCIHJ"
"347",1,"9136-ALYBR"
"348",0,"9143-CANJF"
"349",0,"9163-GHAYE"
"350",1,"9206-GVPEQ"
"351",0,"9236-NDUCW"
"352",1,"9259-PACGQ"
"353",1,"9269-CQOOL"
"354",0,"9327-QSDED"
"355",0,"9332-GYWLO"
"356",0,"9362-MWODR"
"357",1,"9474-PHLYD"
"358",0,"9518-IMLHK"
"359",0,"9554-DFKIC"
"360",0,"9577-WJVCQ"
"361",0,"9591-YVTEB"
"362",0,"9626-WEQRM"
"363",0,"9708-HPXWZ"
"364",0,"9715-SBVSU"
"365",1,"9732-KPKBW"
"366",1,"9734-UYXQI"
"367",0,"9763-GRSKD"
"368",0,"9780-FKVVF"
"369",0,"9796-MVYXX"
"370",0,"9828-QHFBK"
"371",0,"9862-KJTYK"
"372",0,"9873-MNDKV"
"373",0,"9938-EKRGF"
"374",0,"0020-JDNXP"
"375",1,"0022-TCJCI"
"376",0,"0074-HDKDG"
"377",0,"0080-EMYVY"
"378",0,"0121-SNYRK"
"379",0,"0234-TEVTT"
"380",0,"0305-SQECB"
"381",0,"0373-AIVNJ"
"382",1,"0378-XSZPU"
"383",0,"0384-LPITE"
"384",0,"0440-MOGPM"
"385",0,"0489-WMEMG"
"386",0,"0533-UCAAU"
"387",0,"0657-DOGUM"
"388",0,"0661-KBKPA"
"389",0,"0661-WCQNQ"
"390",0,"0667-NSRGI"
"391",0,"0723-VSOBE"
"392",0,"0980-FEXWF"
"393",0,"1032-MAELW"
"394",0,"1121-QSIVB"
"395",0,"1122-YJBCS"
"396",0,"1183-CANVH"
"397",0,"1265-HVPZB"
"398",0,"1282-IHQAC"
"399",0,"1301-LOPVR"
"400",0,"1337-BOZWO"
"401",0,"1353-GHZOS"
"402",1,"1623-NLDOT"
"403",0,"1661-CZBAU"
"404",0,"1729-VLAZJ"
"405",0,"1752-OZXFY"
"406",0,"1834-ABKHQ"
"407",0,"1929-ZCBHE"
"408",0,"2137-DQMEV"
"409",0,"2150-WLKUW"
"410",1,"2157-MXBJS"
"411",0,"2188-SXWVT"
"412",0,"2259-OUUSZ"
"413",0,"2316-ESMLS"
"414",1,"2325-ZUSFD"
"415",0,"2348-KCJLT"
"416",0,"2364-UFROM"
"417",0,"2511-MORQY"
"418",0,"2546-KZAAT"
"419",0,"2577-GVSIL"
"420",0,"2581-VKIRT"
"421",0,"2639-UGMAZ"
"422",0,"2680-XKKNJ"
"423",0,"2703-AMTUL"
"424",0,"2851-STERV"
"425",1,"2858-MOFSQ"
"426",0,"2969-VAPYH"
"427",0,"2969-WGHQO"
"428",1,"3230-WYKIR"
"429",0,"3354-OADJP"
"430",0,"3468-DRVQJ"
"431",0,"3482-ABPKK"
"432",0,"3585-YNADK"
"433",0,"3606-SBKRY"
"434",0,"3638-DIMPH"
"435",0,"3740-RLMVT"
"436",0,"3800-LYTRK"
"437",1,"3863-IUBJR"
"438",0,"3915-ODIYG"
"439",0,"3941-XTSKM"
"440",0,"4086-ATNFV"
"441",1,"4106-HADHQ"
"442",0,"4123-FCVCB"
"443",0,"4369-NYSCF"
"444",1,"4404-HIBDJ"
"445",0,"4501-UYKBC"
"446",0,"4508-OEBEY"
"447",0,"4544-RXFMG"
"448",0,"4547-FZJWE"
"449",0,"4549-ZDQYY"
"450",0,"4611-ANLQC"
"451",0,"4626-OZDTJ"
"452",0,"4702-HDRKD"
"453",0,"4759-PXTAN"
"454",1,"4785-QRJHC"
"455",0,"4877-TSOFF"
"456",0,"4903-CNOZC"
"457",1,"4905-JEFDW"
"458",0,"4906-ZHGPK"
"459",0,"4942-VZZOM"
"460",0,"5062-CJJKH"
"461",0,"5125-CNDSP"
"462",0,"5127-BZENZ"
"463",0,"5160-UXJED"
"464",0,"5196-WPYOW"
"465",0,"5315-CKEQK"
"466",0,"5498-IBWPI"
"467",0,"5499-ECUTN"
"468",0,"5524-KHNJP"
"469",0,"5724-BIDBU"
"470",0,"5844-QVTAT"
"471",0,"5872-OEQNH"
"472",0,"5906-DVAPM"
"473",0,"5915-DGNVC"
"474",0,"5985-TBABQ"
"475",0,"5989-OMNJE"
"476",0,"6047-SUHPR"
"477",0,"6061-GWWAV"
"478",0,"6195-MELTI"
"479",0,"6253-WRFHY"
"480",1,"6261-RCVNS"
"481",0,"6281-FKEWS"
"482",0,"6332-FBZRI"
"483",0,"6341-JVQGF"
"484",0,"6402-SSEJG"
"485",0,"6461-PPAXN"
"486",0,"6537-OTKMY"
"487",0,"6576-FBXOJ"
"488",0,"6584-VQMYT"
"489",0,"6663-JOCQO"
"490",0,"6693-DJWTY"
"491",0,"6810-VCAEX"
"492",0,"6933-FHBZC"
"493",0,"6967-PEJLL"
"494",0,"6992-TKNYO"
"495",0,"7029-IJEJK"
"496",0,"7089-XXAYG"
"497",0,"7153-CHRBV"
"498",0,"7184-LRUUR"
"499",0,"7228-PAQPD"
"500",0,"7269-JISCY"
"501",0,"7325-ENZFI"
"502",0,"7338-ERIVA"
"503",0,"7470-DYNOE"
"504",0,"7619-PLRLP"
"505",0,"7636-PEPNS"
"506",0,"7670-ZBPOQ"
"507",0,"7750-EYXWZ"
"508",0,"7753-USQYQ"
"509",0,"7795-CFOCW"
"510",0,"7841-FCRQD"
"511",1,"7931-PXHFC"
"512",0,"7945-HLKEA"
"513",0,"8050-WYBND"
"514",0,"8200-KLNYW"
"515",0,"8314-DPQHL"
"516",0,"8318-LCNBW"
"517",0,"8331-ZXFOE"
"518",0,"8672-OAUPW"
"519",0,"8690-UPCZI"
"520",0,"8738-JOKAR"
"521",0,"8745-PVESG"
"522",1,"8869-TORSS"
"523",0,"8879-ZKJOF"
"524",0,"8883-GRDWQ"
"525",0,"8898-KASCD"
"526",0,"8985-OOPOS"
"527",0,"9114-AAFQH"
"528",0,"9139-TWBAS"
"529",0,"9199-PWQVC"
"530",0,"9207-ZPANB"
"531",0,"9314-QDMDW"
"532",0,"9357-UJRUN"
"533",1,"9378-FXTIZ"
"534",0,"9388-ZEYVT"
"535",0,"9411-TPQQV"
"536",0,"9500-IWPXQ"
"537",0,"9513-DXHDA"
"538",0,"9609-BENEA"
"539",0,"9640-ZSLDC"
"540",0,"9691-HKOVS"
"541",0,"9702-AIUJO"
"542",0,"9803-FTJCG"
"543",0,"9931-DCEZH"
"544",0,"9955-QOPOY"
"545",1,"0011-IGKFF"
"546",1,"0023-XUOPT"
"547",0,"0064-YIJGF"
"548",1,"0094-OIFMO"
"549",0,"0112-QAWRZ"
"550",1,"0125-LZQXK"
"551",1,"0137-OCGAB"
"552",0,"0196-JTUQI"
"553",1,"0219-YTZUE"
"554",1,"0236-HFWSV"
"555",1,"0257-ZESQC"
"556",1,"0302-JOIVN"
"557",0,"0315-LVCRK"
"558",1,"0318-QUUOB"
"559",1,"0334-GDDSO"
"560",1,"0345-HKJVM"
"561",0,"0365-BZUWY"
"562",0,"0365-GXEZS"
"563",1,"0378-TOVMS"
"564",1,"0404-SWRVG"
"565",0,"0439-IFYUN"
"566",0,"0491-KAPQG"
"567",1,"0618-XWMSS"
"568",1,"0637-YLETY"
"569",1,"0685-MLYYM"
"570",1,"0689-NKYLF"
"571",0,"0722-SVSFK"
"572",1,"0727-IWKVK"
"573",1,"0754-UKWQP"
"574",1,"0772-GYEQQ"
"575",1,"0781-LKXBR"
"576",0,"0793-TWELN"
"577",1,"0818-OCPZO"
"578",0,"0848-ZGQIJ"
"579",1,"0871-URUWO"
"580",0,"0916-QOFDP"
"581",1,"0947-MUGVO"
"582",0,"0958-YHXGP"
"583",1,"0970-ETWGE"
"584",1,"1010-DIAUQ"
"585",1,"1024-VRZHF"
"586",0,"1047-NNCBF"
"587",0,"1077-HUUJM"
"588",1,"1112-CUNAO"
"589",0,"1216-JWVUX"
"590",0,"1228-ZLNBX"
"591",1,"1236-WFCDV"
"592",0,"1251-STYSZ"
"593",1,"1268-ASBGA"
"594",1,"1273-MTETI"
"595",1,"1342-JPNKI"
"596",0,"1379-FRVEB"
"597",0,"1384-RCUXW"
"598",1,"1389-CXMLU"
"599",0,"1393-IMKZG"
"600",1,"1396-QWFBJ"
"601",1,"1428-GTBJJ"
"602",0,"1508-DFXCU"
"603",1,"1522-VVDMG"
"604",1,"1579-KLYDT"
"605",0,"1580-BMCMR"
"606",1,"1602-IJQQE"
"607",1,"1624-WOIWJ"
"608",1,"1626-ERCMM"
"609",0,"1628-BIZYP"
"610",1,"1658-BYGOY"
"611",0,"1746-TGTWV"
"612",1,"1761-AEZZR"
"613",0,"1845-CSBRZ"
"614",1,"1853-UDXBW"
"615",1,"1867-BDVFH"
"616",1,"2004-OCQXK"
"617",0,"2018-QKYGT"
"618",1,"2027-FECZV"
"619",1,"2034-GDRCN"
"620",0,"2070-XYMFH"
"621",1,"2074-GKOWZ"
"622",0,"2074-GUHPQ"
"623",1,"2114-MGINA"
"624",0,"2123-AGEEN"
"625",0,"2135-DQWAQ"
"626",1,"2154-KVJFF"
"627",0,"2178-PMGCJ"
"628",0,"2203-GHNWN"
"629",0,"2252-ISRNH"
"630",0,"2254-DLXRI"
"631",1,"2265-CYWIV"
"632",1,"2272-QAGFO"
"633",0,"2305-MRGLV"
"634",1,"2344-JMOGN"
"635",1,"2369-UAPKZ"
"636",1,"2462-XIIJB"
"637",1,"2506-TNFCO"
"638",1,"2619-WFQWU"
"639",1,"2642-DTVCO"
"640",1,"2645-QTLMB"
"641",1,"2656-TABEH"
"642",1,"2660-EMUBI"
"643",0,"2674-MIAHT"
"644",1,"2725-KXXWT"
"645",1,"2737-YNGYW"
"646",0,"2739-CACDQ"
"647",1,"2856-HYAPG"
"648",1,"2865-TCHJW"
"649",0,"2897-DOVND"
"650",0,"2920-RNCEZ"
"651",1,"2951-QOQTK"
"652",1,"2955-BJZHG"
"653",1,"2956-GGUCQ"
"654",1,"2959-MJHIC"
"655",0,"2960-NKRSO"
"656",1,"2984-MIIZL"
"657",0,"3002-WQZWT"
"658",1,"3027-ZTDHO"
"659",1,"3045-XETSH"
"660",1,"3049-NDXFL"
"661",1,"3066-RRJIO"
"662",0,"3094-JOJAI"
"663",1,"3138-BKYAV"
"664",1,"3178-FESZO"
"665",1,"3186-BAXNB"
"666",0,"3197-ARFOY"
"667",1,"3198-VELRD"
"668",0,"3199-XGZCY"
"669",1,"3244-DCJWY"
"670",0,"3292-PBZEJ"
"671",0,"3295-YVUSR"
"672",1,"3398-FSHON"
"673",1,"3398-ZOUAA"
"674",0,"3422-GALYP"
"675",1,"3422-LYEPQ"
"676",1,"3428-XZMAZ"
"677",0,"3453-RTHJQ"
"678",1,"3488-PGMQJ"
"679",1,"3494-JCHRQ"
"680",1,"3519-ZKXGG"
"681",1,"3540-RZJYU"
"682",0,"3569-EDBPQ"
"683",0,"3583-KRKMD"
"684",0,"3644-QXEHN"
"685",1,"3671-SHRSP"
"686",1,"3707-GNWHM"
"687",1,"3716-BDVDB"
"688",1,"3727-RJMEO"
"689",1,"3737-GCSPV"
"690",1,"3750-CKVKH"
"691",1,"3765-JXVKY"
"692",1,"3801-HMYNL"
"693",0,"3855-ONCAR"
"694",1,"3858-VOBET"
"695",1,"3871-IKPYH"
"696",1,"3902-FOIGH"
"697",1,"3943-KDREE"
"698",0,"3956-CJUST"
"699",0,"3987-KQDDU"
"700",1,"4102-OQUPX"
"701",1,"4143-OOBWZ"
"702",1,"4192-GORJT"
"703",1,"4236-XPXAV"
"704",1,"4277-PVRAN"
"705",1,"4285-GYRQC"
"706",0,"4343-EJVQB"
"707",0,"4360-PNRQB"
"708",1,"4385-GZQXV"
"709",1,"4424-TKOPW"
"710",1,"4439-JMPMT"
"711",1,"4503-BDXBD"
"712",1,"4510-HIMLV"
"713",1,"4514-GFCFI"
"714",0,"4521-YEEHE"
"715",0,"4536-PLEQY"
"716",0,"4546-FOKWR"
"717",1,"4547-KQRTM"
"718",0,"4559-UWIHT"
"719",0,"4566-NECEV"
"720",1,"4572-DVCGN"
"721",1,"4585-HETAI"
"722",1,"4587-NUKOX"
"723",1,"4631-OACRM"
"724",1,"4636-QRJKY"
"725",1,"4659-NZRUF"
"726",1,"4706-AXVKM"
"727",0,"4749-OJKQU"
"728",0,"4770-UEZOX"
"729",1,"4795-KTRTH"
"730",1,"4818-QIUFN"
"731",0,"4853-OITSN"
"732",0,"4884-ZTHVF"
"733",1,"4910-GMJOT"
"734",0,"4927-WWOOZ"
"735",0,"4929-XIHVW"
"736",0,"4983-CCWMC"
"737",1,"4988-IQIGL"
"738",0,"5016-IBERQ"
"739",1,"5027-QPKTE"
"740",1,"5054-IEXZT"
"741",0,"5168-MSWXT"
"742",1,"5192-EBGOV"
"743",1,"5228-EXCET"
"744",1,"5229-PRWKT"
"745",1,"5240-IJOQT"
"746",0,"5271-DBYSJ"
"747",0,"5339-PXDVH"
"748",1,"5357-TZHPP"
"749",1,"5364-EVNIB"
"750",1,"5366-IJEQJ"
"751",1,"5383-MMTWC"
"752",0,"5429-LWCMV"
"753",0,"5433-KYGHE"
"754",0,"5442-BHQNG"
"755",1,"5519-NPHVG"
"756",1,"5539-TMZLF"
"757",1,"5561-NWEVX"
"758",1,"5572-ZDXHY"
"759",1,"5597-GLBUC"
"760",0,"5600-KTXFM"
"761",0,"5605-IYGFG"
"762",0,"5609-IMCGG"
"763",0,"5626-MGTUK"
"764",1,"5649-ANRML"
"765",0,"5701-YVSVF"
"766",1,"5747-PMBSQ"
"767",0,"5760-FXFVO"
"768",1,"5797-APWZC"
"769",1,"5834-ASPWA"
"770",1,"5842-POCOP"
"771",0,"5879-SESNB"
"772",1,"5884-GCYMI"
"773",0,"5937-EORGB"
"774",1,"5940-AHUHD"
"775",1,"5956-VKDTT"
"776",1,"5976-JCJRH"
"777",1,"6015-VVHHE"
"778",1,"6023-YEBUP"
"779",0,"6077-BDPXA"
"780",1,"6108-OQZDQ"
"781",1,"6127-ISGTU"
"782",1,"6161-UUUTA"
"783",0,"6175-IRFIT"
"784",1,"6178-KFNHS"
"785",1,"6210-KBBPI"
"786",1,"6227-HWPWX"
"787",1,"6284-AHOOQ"
"788",0,"6288-LBEAR"
"789",1,"6319-IEJWJ"
"790",1,"6328-ZPBGN"
"791",1,"6330-JKLPC"
"792",0,"6339-YPSAH"
"793",1,"6347-DCUIK"
"794",1,"6356-ELRKD"
"795",0,"6357-JJPQT"
"796",1,"6390-DSAZX"
"797",0,"6407-UTSLV"
"798",1,"6457-USBER"
"799",1,"6474-FVJLC"
"800",1,"6521-YYTYI"
"801",0,"6551-GNYDG"
"802",0,"6591-QGOYB"
"803",1,"6615-NGGZJ"
"804",1,"6653-CBBOM"
"805",1,"6688-UZPWD"
"806",1,"6689-TCZHQ"
"807",0,"6693-FRIRW"
"808",0,"6719-OXYBR"
"809",0,"6729-GDNGC"
"810",1,"6825-UYPFK"
"811",0,"6833-JMZYP"
"812",1,"6857-VWJDT"
"813",1,"6861-XWTWQ"
"814",1,"6877-TJMBR"
"815",1,"6910-HADCM"
"816",1,"6960-HVYXR"
"817",1,"6996-KNSML"
"818",0,"7020-OZKXZ"
"819",1,"7029-RPUAV"
"820",0,"7126-RBHSD"
"821",1,"7156-MHUGY"
"822",1,"7181-BQYBV"
"823",0,"7225-CBZPL"
"824",1,"7228-OMTPN"
"825",1,"7235-NXZCP"
"826",1,"7240-FQLHE"
"827",1,"7249-WBIYX"
"828",1,"7254-IQWOZ"
"829",1,"7274-RTAPZ"
"830",0,"7277-OZCGZ"
"831",1,"7294-TMAOP"
"832",1,"7295-JOMMD"
"833",0,"7354-OIJLX"
"834",0,"7363-QTBIW"
"835",1,"7379-POKDZ"
"836",0,"7398-SKNQZ"
"837",0,"7401-RUBNK"
"838",1,"7409-KIUTL"
"839",1,"7410-YTJIK"
"840",1,"7479-NITWS"
"841",1,"7495-OOKFY"
"842",1,"7503-QQRVF"
"843",1,"7503-ZGUZJ"
"844",0,"7504-UWHNB"
"845",1,"7526-BEZQB"
"846",1,"7534-BFESC"
"847",0,"7562-UXTPG"
"848",1,"7563-BIUPC"
"849",0,"7577-SWIFR"
"850",1,"7595-EUIVN"
"851",1,"7598-UAASY"
"852",0,"7611-YKYTC"
"853",1,"7625-XCQRH"
"854",1,"7638-QVMVY"
"855",0,"7658-UYUQS"
"856",1,"7660-HDPJV"
"857",0,"7718-RXDGG"
"858",1,"7760-OYPDY"
"859",1,"7779-LGOVN"
"860",1,"7783-YKGDV"
"861",0,"7823-JSOAG"
"862",1,"7825-ECJRF"
"863",0,"7855-DIWPO"
"864",0,"7901-HXJVA"
"865",0,"7929-DMBCV"
"866",0,"7964-VEXDG"
"867",0,"7978-DKUQH"
"868",1,"8000-REIQB"
"869",0,"8040-MNRTF"
"870",1,"8051-HJRLT"
"871",1,"8058-INTPH"
"872",1,"8058-JMEQO"
"873",1,"8062-YBDOE"
"874",1,"8063-RJYNF"
"875",0,"8087-LGYHQ"
"876",0,"8120-JDCAM"
"877",0,"8309-IEYJD"
"878",0,"8325-QRPZR"
"879",1,"8337-UPOAQ"
"880",1,"8372-JUXUI"
"881",1,"8443-ZRDBZ"
"882",1,"8510-AWCXC"
"883",1,"8580-AECUZ"
"884",0,"8584-KMVXD"
"885",1,"8593-WHYHV"
"886",1,"8603-IJWDN"
"887",1,"8642-GVWRF"
"888",1,"8644-XLFBW"
"889",1,"8685-WHQPW"
"890",0,"8687-BAFGU"
"891",0,"8714-CTZJW"
"892",1,"8752-STIVR"
"893",0,"8778-LMWTJ"
"894",1,"8780-IXSTS"
"895",1,"8808-ELEHO"
"896",1,"8816-VXNZD"
"897",1,"8837-VVWLQ"
"898",0,"8875-AKBYH"
"899",1,"8937-RDTHP"
"900",1,"8972-HJWNV"
"901",0,"9054-FOWNV"
"902",1,"9102-IAYHT"
"903",0,"9121-PHQSR"
"904",0,"9167-APMXZ"
"905",1,"9250-WYPLL"
"906",0,"9272-LSVYH"
"907",1,"9274-CNFMO"
"908",1,"9283-LZQOH"
"909",0,"9314-IJWSQ"
"910",1,"9330-IJWIO"
"911",0,"9355-NPPFS"
"912",1,"9391-EOYLI"
"913",1,"9415-DPEWS"
"914",0,"9432-VOFYX"
"915",1,"9451-LPGOO"
"916",1,"9488-HGMJH"
"917",0,"9506-UXUSK"
"918",1,"9512-UIBFX"
"919",0,"9547-ITEFG"
"920",0,"9605-WGJVW"
"921",0,"9633-XQABV"
"922",1,"9685-WKZGT"
"923",0,"9714-EDSUC"
"924",0,"9717-QEBGU"
"925",1,"9722-UJOJR"
"926",1,"9734-YWGEX"
"927",0,"9741-YLNTD"
"928",1,"9763-PDTKK"
"929",1,"9787-XVQIU"
"930",0,"9800-ONTFE"
"931",0,"9840-EFJQB"
"932",1,"9874-QLCLH"
"933",1,"9878-TNQGW"
"934",1,"9921-ZVRHG"
"935",1,"9940-RHLFB"
"936",1,"9947-OTFQU"
"937",1,"9992-RRAMN"
"938",0,"0060-FUALY"
"939",0,"0089-IIQKO"
"940",0,"0093-EXYQL"
"941",1,"0093-XWZFY"
"942",0,"0118-JPNOY"
"943",0,"0141-YEAYS"
"944",0,"0237-YFUTL"
"945",1,"0324-BRPCJ"
"946",1,"0362-ZBZWJ"
"947",1,"0376-YMCJC"
"948",0,"0396-YCHWO"
"949",1,"0407-BDJKB"
"950",0,"0410-IPFTY"
"951",0,"0419-YAAPX"
"952",0,"0434-CSFON"
"953",0,"0468-YRPXN"
"954",1,"0486-HECZI"
"955",0,"0595-ITUDF"
"956",0,"0621-HJWXJ"
"957",1,"0634-SZPQA"
"958",1,"0643-OKLRP"
"959",0,"0666-UXTJO"
"960",0,"0674-DGMAQ"
"961",0,"0730-KOAVE"
"962",1,"0843-WTBXE"
"963",1,"0939-YAPAF"
"964",1,"0963-ZBDRN"
"965",0,"1035-IPQPU"
"966",1,"1041-RXHRA"
"967",0,"1104-TNLZA"
"968",0,"1215-FIGMP"
"969",0,"1216-BGTSP"
"970",1,"1228-FZFRV"
"971",1,"1264-BYWMS"
"972",1,"1323-OOEPC"
"973",1,"1343-EHPYB"
"974",0,"1421-HCERK"
"975",0,"1469-LBJQJ"
"976",0,"1472-TNCWL"
"977",1,"1481-ZUWZA"
"978",0,"1482-OXZSY"
"979",0,"1548-FEHVL"
"980",1,"1550-LOAHA"
"981",0,"1552-AAGRX"
"982",1,"1689-MRZQR"
"983",0,"1785-BPHTP"
"984",0,"1867-TJHTS"
"985",0,"1910-FMXJM"
"986",0,"1930-WNXSB"
"987",1,"2034-CGRHZ"
"988",1,"2037-SGXHH"
"989",0,"2080-CAZNM"
"990",0,"2207-QPJED"
"991",0,"2227-JRSJX"
"992",0,"2240-HSJQD"
"993",0,"2270-CHBFN"
"994",1,"2302-ANTDP"
"995",0,"2322-VCZHZ"
"996",0,"2347-WKKAE"
"997",1,"2362-IBOOY"
"998",0,"2371-JQHZZ"
"999",1,"2474-BRUCM"
"1000",0,"2475-MROZF"
"1001",1,"2568-OIADY"
"1002",0,"2573-GYRUU"
"1003",0,"2603-HVKCG"
"1004",0,"2665-NPTGL"
"1005",0,"2672-TGEFF"
"1006",0,"2674-MLXMN"
"1007",0,"2675-DHUTR"
"1008",0,"2796-UUZZO"
"1009",0,"2826-UWHIS"
"1010",0,"2832-KJCRD"
"1011",1,"2834-SPCJV"
"1012",1,"2840-XANRC"
"1013",1,"2845-AFFTX"
"1014",1,"2869-ADAWR"
"1015",1,"3005-NFMTA"
"1016",0,"3128-YOVTD"
"1017",0,"3170-GWYKC"
"1018",0,"3174-RKMOW"
"1019",1,"3194-ORPIK"
"1020",1,"3223-WZWJM"
"1021",0,"3316-UWXUY"
"1022",1,"3331-HQDTW"
"1023",0,"3352-ALMCK"
"1024",0,"3384-CTMSF"
"1025",0,"3481-JHUZH"
"1026",0,"3503-TYDAY"
"1027",0,"3537-HPKQT"
"1028",0,"3545-CNWRG"
"1029",1,"3565-UNOCC"
"1030",1,"3640-PHQXK"
"1031",0,"3761-FLYZI"
"1032",1,"3791-LGQCY"
"1033",1,"3814-MLAXC"
"1034",1,"3838-OZURD"
"1035",1,"3842-IYKUE"
"1036",1,"3923-CSIHK"
"1037",0,"3932-IJWDZ"
"1038",1,"3957-LXOLK"
"1039",1,"3976-BWUCK"
"1040",1,"3990-QYKBE"
"1041",1,"4094-NSEDU"
"1042",0,"4098-NAUKP"
"1043",0,"4176-FXYBO"
"1044",1,"4183-WCSEP"
"1045",0,"4188-FRABG"
"1046",0,"4194-WHFCB"
"1047",0,"4220-TINQT"
"1048",0,"4238-HFHSN"
"1049",1,"4248-HCETZ"
"1050",1,"4307-KTUMW"
"1051",0,"4402-FTBXC"
"1052",1,"4423-YLHDV"
"1053",1,"4433-JCGCG"
"1054",1,"4446-BZKHU"
"1055",0,"4450-MDZFX"
"1056",1,"4523-WXCEF"
"1057",1,"4550-VBOFE"
"1058",1,"4598-XLKNJ"
"1059",0,"4686-UXDML"
"1060",0,"4716-HHKQH"
"1061",1,"4803-AXVYP"
"1062",1,"4817-VYYWS"
"1063",0,"4826-TZEVA"
"1064",1,"4831-EOBFE"
"1065",0,"4840-ORQXB"
"1066",1,"4846-WHAFZ"
"1067",1,"4873-ILOLJ"
"1068",0,"4879-GZLFH"
"1069",0,"4918-FYJNT"
"1070",1,"4958-XCBDQ"
"1071",1,"4971-PUYQO"
"1072",0,"4998-IKFSE"
"1073",0,"5022-KVDQT"
"1074",0,"5055-MGMGF"
"1075",0,"5060-TQUQN"
"1076",0,"5117-IFGPS"
"1077",0,"5153-RTHKF"
"1078",0,"5213-TWWJU"
"1079",0,"5216-WASFJ"
"1080",0,"5222-IMUKT"
"1081",0,"5243-SAOTC"
"1082",1,"5281-BUZGT"
"1083",1,"5419-KLXBN"
"1084",0,"5461-QKNTN"
"1085",0,"5482-VXSXJ"
"1086",1,"5515-AKOAJ"
"1087",0,"5522-NYKPB"
"1088",1,"5536-RTPWK"
"1089",1,"5536-SLHPM"
"1090",1,"5569-OUICF"
"1091",0,"5575-TPIZQ"
"1092",0,"5647-FXOTP"
"1093",0,"5649-RXQTV"
"1094",0,"5651-YLPRD"
"1095",0,"5666-CYCYZ"
"1096",0,"5857-TYBCJ"
"1097",0,"5899-OUVKV"
"1098",0,"5921-NGYRH"
"1099",0,"5977-CKHON"
"1100",0,"5982-FPVQN"
"1101",0,"6067-NGCEU"
"1102",0,"6088-BXMRG"
"1103",0,"6173-GOLSU"
"1104",0,"6234-PFPXL"
"1105",0,"6242-MBHPK"
"1106",0,"6300-BWMJX"
"1107",1,"6311-UEUME"
"1108",0,"6377-WHAOX"
"1109",1,"6393-WRYZE"
"1110",0,"6572-ADKRS"
"1111",1,"6599-RCLCJ"
"1112",1,"6686-YPGHK"
"1113",0,"6741-EGCBI"
"1114",1,"6771-XWBDM"
"1115",1,"6818-WOBHJ"
"1116",0,"6851-WEFYX"
"1117",1,"6892-XPFPU"
"1118",0,"6897-UUBNU"
"1119",1,"6899-PPEEA"
"1120",1,"6907-NZZIJ"
"1121",0,"6952-OMNWB"
"1122",1,"6987-XQSJT"
"1123",0,"7011-CVEUC"
"1124",1,"7056-IMHCC"
"1125",1,"7137-RYLPP"
"1126",1,"7142-HVGBG"
"1127",0,"7181-OQCUT"
"1128",0,"7251-XFOIL"
"1129",0,"7271-AJDTL"
"1130",1,"7279-BUYWN"
"1131",0,"7392-YYPYJ"
"1132",0,"7402-EYFXX"
"1133",0,"7426-GSWPO"
"1134",0,"7449-HVPIV"
"1135",0,"7576-JMYWV"
"1136",0,"7587-AOVVU"
"1137",0,"7594-LZNWR"
"1138",1,"7599-FKVXZ"
"1139",1,"7730-IUTDZ"
"1140",0,"7776-QGYJC"
"1141",0,"7789-CRUVC"
"1142",0,"7813-ZGGAW"
"1143",1,"7979-CORPM"
"1144",0,"7982-VCELR"
"1145",0,"8059-UDZFY"
"1146",0,"8189-XRIKE"
"1147",1,"8397-MVTAZ"
"1148",1,"8429-XIBUM"
"1149",0,"8486-AYEQH"
"1150",1,"8565-CLBZW"
"1151",0,"8631-WUXGY"
"1152",0,"8647-SDTWQ"
"1153",1,"8696-JKZNU"
"1154",0,"8705-DWKTI"
"1155",1,"8714-EUHJO"
"1156",1,"8761-NSOBC"
"1157",0,"8819-IMISP"
"1158",0,"8868-GAGIO"
"1159",0,"8910-LEDAG"
"1160",1,"8922-LIEGH"
"1161",1,"8938-UMKPI"
"1162",0,"9003-CPATH"
"1163",1,"9090-SGQXL"
"1164",0,"9137-UIYPG"
"1165",0,"9142-KZXOP"
"1166",0,"9168-INPSZ"
"1167",0,"9281-OFDMF"
"1168",0,"9470-XCCEM"
"1169",0,"9495-SKLKD"
"1170",0,"9508-ILZDG"
"1171",1,"9526-JAWYF"
"1172",0,"9576-SYUHJ"
"1173",1,"9600-NAXZN"
"1174",1,"9647-ERGBE"
"1175",1,"9661-ACXBS"
"1176",0,"9701-CDXHR"
"1177",0,"9767-FFLEM"
"1178",0,"9777-WJJPR"
"1179",0,"9793-WECQC"
"1180",0,"9904-EHEVJ"
"1181",0,"9919-KNPOO"
"1182",0,"9921-QFQUL"
"1183",0,"9943-VSZUV"
"1184",1,"9948-YPTDG"
"1185",1,"9961-JBNMK"
"1186",0,"0042-RLHYP"
"1187",0,"0064-SUDOG"
"1188",0,"0071-NDAFP"
"1189",0,"0206-OYVOC"
"1190",0,"0281-CNTZX"
"1191",0,"0362-RAOQO"
"1192",0,"0397-ZXWQF"
"1193",0,"0402-OAMEN"
"1194",0,"0463-TXOAK"
"1195",0,"0480-KYJVA"
"1196",0,"0508-SQWPL"
"1197",0,"0559-CKHUS"
"1198",0,"0582-AVCLN"
"1199",0,"0613-WUXUM"
"1200",0,"0827-ITJPH"
"1201",0,"0847-HGRML"
"1202",0,"0962-CQPWQ"
"1203",0,"0971-QIFJK"
"1204",0,"1089-XZWHH"
"1205",0,"1093-YSWCA"
"1206",0,"1098-KFQEC"
"1207",0,"1099-GODLO"
"1208",0,"1131-QQZEB"
"1209",0,"1167-OYZJF"
"1210",0,"1293-BSEUN"
"1211",0,"1306-RPWXZ"
"1212",0,"1328-EUZHC"
"1213",0,"1354-YZFNB"
"1214",0,"1535-VTJOQ"
"1215",0,"1635-NZATJ"
"1216",0,"1699-TLDLZ"
"1217",0,"1705-GUHPV"
"1218",0,"1767-CJKBA"
"1219",0,"1830-IPXVJ"
"1220",0,"1839-FBNFR"
"1221",0,"1862-QRWPE"
"1222",0,"1987-AUELQ"
"1223",0,"2068-WWXQZ"
"1224",0,"2075-PUEPR"
"1225",0,"2143-LJULT"
"1226",0,"2146-EGVDT"
"1227",0,"2169-RRLFW"
"1228",0,"2229-DPMBI"
"1229",0,"2300-RQGOI"
"1230",0,"2333-KWEWW"
"1231",0,"2569-WGERO"
"1232",0,"2632-TACXW"
"1233",0,"2642-MAWLJ"
"1234",0,"2729-VNVAP"
"1235",0,"2799-TSLAG"
"1236",0,"2805-AUFQN"
"1237",0,"2900-PHPLN"
"1238",0,"2908-WGAXL"
"1239",0,"2995-YWTCD"
"1240",0,"3070-FNFZQ"
"1241",0,"3129-AAQOU"
"1242",0,"3173-WSSUE"
"1243",0,"3284-SVCRO"
"1244",0,"3359-DSRKA"
"1245",0,"3373-DIUUN"
"1246",0,"3451-VAWLI"
"1247",0,"3454-JFUBC"
"1248",0,"3507-GASNP"
"1249",0,"3521-HTQTV"
"1250",0,"3642-BYHDO"
"1251",0,"3662-FXJFO"
"1252",0,"3764-MNMOI"
"1253",0,"3769-MHZNV"
"1254",0,"3774-VBNXY"
"1255",0,"3777-XROBG"
"1256",0,"3873-WOSBC"
"1257",0,"3957-SQXML"
"1258",0,"3967-VQOGC"
"1259",0,"3970-XGJDU"
"1260",0,"3976-HXHCE"
"1261",0,"4195-PNGZS"
"1262",0,"4299-OPXEJ"
"1263",0,"4312-KFRXN"
"1264",0,"4335-BSMJS"
"1265",0,"4443-EMBNA"
"1266",0,"4635-EJYPD"
"1267",0,"4641-FROLU"
"1268",0,"4652-ODEVH"
"1269",0,"4656-CAURT"
"1270",0,"4707-MAXGU"
"1271",0,"4735-BJKOU"
"1272",0,"4774-HHGGS"
"1273",0,"4779-ZGICK"
"1274",0,"4883-KCPZJ"
"1275",0,"4933-BSAIP"
"1276",0,"4950-HKQTE"
"1277",0,"4990-ALDGW"
"1278",0,"5006-MXVRN"
"1279",0,"5057-RKGLH"
"1280",0,"5093-FEGLU"
"1281",0,"5146-YYFRZ"
"1282",0,"5171-EPLKN"
"1283",0,"5176-LMJXE"
"1284",0,"5296-BFCYD"
"1285",0,"5406-KGRMX"
"1286",0,"5495-GPSRW"
"1287",0,"5567-GZKQY"
"1288",0,"5647-URDKA"
"1289",0,"5696-EXCYS"
"1290",0,"5730-DBDSI"
"1291",0,"5845-BZZIB"
"1292",0,"5854-KSRBJ"
"1293",0,"5859-HZYLF"
"1294",0,"5902-WBLSE"
"1295",0,"5968-HYJRZ"
"1296",0,"5982-XMDEX"
"1297",0,"6000-UKLWI"
"1298",0,"6080-LNESI"
"1299",0,"6139-ZZRBQ"
"1300",0,"6169-PPETC"
"1301",0,"6292-TOSSS"
"1302",0,"6340-DACFT"
"1303",0,"6349-JDHQP"
"1304",0,"6425-JWTDV"
"1305",0,"6518-PPLMZ"
"1306",0,"6614-YWYSC"
"1307",0,"6725-TPKJO"
"1308",0,"6813-GZQCG"
"1309",0,"6828-HMKWP"
"1310",0,"6857-TKDJV"
"1311",0,"6980-IMXXE"
"1312",0,"7010-BRBUU"
"1313",0,"7014-ZZXAW"
"1314",0,"7033-CLAMM"
"1315",0,"7196-LIWRH"
"1316",0,"7205-BAIAD"
"1317",0,"7225-IILWY"
"1318",0,"7268-WNTCP"
"1319",0,"7469-LKBCI"
"1320",0,"7480-SPLEF"
"1321",0,"7503-EPSZW"
"1322",0,"7596-IIWYC"
"1323",0,"7601-GNDYK"
"1324",0,"7608-RGIRO"
"1325",0,"7673-BQGKU"
"1326",0,"7684-XSZIY"
"1327",0,"7711-GQBZC"
"1328",0,"7729-XBTWX"
"1329",0,"7876-DNYAP"
"1330",1,"7951-QKZPL"
"1331",0,"8028-PNXHQ"
"1332",0,"8098-TDCBU"
"1333",0,"8143-ETQTI"
"1334",0,"8164-OCKUJ"
"1335",0,"8173-RXAYP"
"1336",0,"8232-UTFOZ"
"1337",0,"8237-ULIXL"
"1338",0,"8292-ITGYJ"
"1339",0,"8361-LBRDI"
"1340",0,"8388-DMKAE"
"1341",0,"8434-VGEQQ"
"1342",0,"8464-EETCQ"
"1343",0,"8532-UEFWH"
"1344",0,"8544-JNBOX"
"1345",0,"8559-WNQZS"
"1346",0,"8606-OEGQZ"
"1347",0,"8612-GXIDD"
"1348",0,"8735-SDUFN"
"1349",0,"8838-GPHZP"
"1350",0,"8857-CUPFQ"
"1351",0,"8908-SLFCJ"
"1352",0,"8917-SZTTJ"
"1353",0,"8946-BFWSG"
"1354",0,"8966-SNIZF"
"1355",0,"8999-EXMNO"
"1356",0,"9087-EYCPR"
"1357",0,"9108-EQPNQ"
"1358",0,"9135-HSWOC"
"1359",0,"9153-BTBVV"
"1360",0,"9251-AWQGT"
"1361",0,"9365-CSLBQ"
"1362",0,"9392-XBGTD"
"1363",0,"9424-CMPOG"
"1364",0,"9565-AXSMR"
"1365",0,"9585-KKMFD"
"1366",0,"9646-NMHXE"
"1367",0,"9650-VBUOG"
"1368",0,"9661-JALZV"
"1369",0,"9668-PUGNU"
"1370",0,"9710-NJERN"
"1371",0,"9764-REAFF"
"1372",0,"9798-OPFEM"
"1373",0,"9800-OUIGR"
"1374",0,"9945-PSVIP"
"1375",0,"9964-WBQDJ"
"1376",0,"9972-EWRJS"
"1377",0,"0048-LUMLS"
"1378",0,"0080-OROZO"
"1379",0,"0100-DUVFC"
"1380",1,"0193-ESZXP"
"1381",0,"0197-PNKNK"
"1382",0,"0233-FTHAV"
"1383",0,"0369-ZGOVK"
"1384",1,"0431-APWVY"
"1385",0,"0440-UEDAI"
"1386",0,"0442-ZXKVS"
"1387",0,"0471-ARVMX"
"1388",0,"0512-FLFDW"
"1389",0,"0516-UXRMT"
"1390",0,"0623-EJQEG"
"1391",0,"0670-ANMUU"
"1392",0,"0691-NIKRI"
"1393",0,"0750-EBAIU"
"1394",0,"0824-VWDPO"
"1395",0,"1090-PYKCI"
"1396",0,"1131-SUEKT"
"1397",0,"1174-FGIFN"
"1398",0,"1217-VASWC"
"1399",0,"1347-KTTTA"
"1400",0,"1360-JYXKQ"
"1401",0,"1360-XFJMR"
"1402",0,"1370-GGAWX"
"1403",0,"1442-OKRJE"
"1404",1,"1444-VVSGW"
"1405",0,"1470-PSXNM"
"1406",1,"1625-JAIIY"
"1407",1,"1644-IRKSF"
"1408",0,"1710-RCXUS"
"1409",0,"1810-BOHSY"
"1410",0,"1855-AGAWH"
"1411",1,"1899-VXWXM"
"1412",0,"1950-KSVVJ"
"1413",0,"2205-LPVGL"
"1414",0,"2293-IJWPS"
"1415",0,"2325-WINES"
"1416",0,"2330-PQGDQ"
"1417",1,"2403-BCASL"
"1418",1,"2408-TZMJL"
"1419",0,"2432-TFSMK"
"1420",0,"2558-BUOZZ"
"1421",0,"2560-PPCHE"
"1422",1,"2659-VXMWZ"
"1423",0,"2673-CXQEU"
"1424",0,"2806-MLNTI"
"1425",1,"2886-KEFUM"
"1426",0,"2896-TBNBE"
"1427",0,"2924-KHUVI"
"1428",0,"2931-VUVJN"
"1429",0,"2972-YDYUW"
"1430",0,"3096-WPXBT"
"1431",1,"3104-OWCGK"
"1432",0,"3115-JPJDD"
"1433",0,"3301-VKTGC"
"1434",1,"3313-QKNKB"
"1435",1,"3351-NQLDI"
"1436",0,"3410-MHHUM"
"1437",0,"3511-APPBJ"
"1438",1,"3685-YLCMQ"
"1439",0,"3865-YIOTT"
"1440",1,"4088-YLDSU"
"1441",0,"4184-VODJZ"
"1442",1,"4250-ZBWLV"
"1443",0,"4274-DRSQT"
"1444",0,"4355-CVPVS"
"1445",0,"4377-VDHYI"
"1446",0,"4423-JWZJN"
"1447",0,"4531-AUZNK"
"1448",0,"4567-AKPIA"
"1449",1,"4612-THJBS"
"1450",1,"4628-WQCQQ"
"1451",0,"4676-MQUEA"
"1452",0,"4692-NNQRU"
"1453",0,"4837-QUSFT"
"1454",0,"4908-XAXAY"
"1455",1,"4913-EHYUI"
"1456",1,"5136-KCKGI"
"1457",0,"5149-QYTTU"
"1458",0,"5168-MQQCA"
"1459",0,"5174-ITUMV"
"1460",0,"5195-KPUNQ"
"1461",0,"5197-PYEPU"
"1462",0,"5198-EFNBM"
"1463",0,"5294-IMHHT"
"1464",0,"5297-MDOIR"
"1465",0,"5440-VHLUL"
"1466",0,"5447-WZAFP"
"1467",0,"5569-IDSEY"
"1468",0,"5593-SUAOO"
"1469",1,"5649-VUKMC"
"1470",0,"5651-CRHKQ"
"1471",0,"5671-UUNXD"
"1472",0,"5734-EJKXG"
"1473",0,"5913-INRQV"
"1474",0,"5945-AZYHT"
"1475",0,"5966-EMAZU"
"1476",0,"5981-ZVXOT"
"1477",1,"6097-EQISJ"
"1478",0,"6202-DYYFX"
"1479",0,"6265-SXWBU"
"1480",0,"6266-QHOJZ"
"1481",0,"6284-KMNUF"
"1482",0,"6383-ZTSIW"
"1483",1,"6425-YQLLO"
"1484",0,"6723-WSNTY"
"1485",0,"6726-WEXXK"
"1486",0,"6728-DKUCO"
"1487",0,"6728-VOIFY"
"1488",0,"6797-UCJHZ"
"1489",0,"6807-SIWJI"
"1490",0,"6821-JPCDC"
"1491",0,"6869-FGJJC"
"1492",0,"7064-FRRSW"
"1493",1,"7067-KSAZT"
"1494",0,"7123-WQUHX"
"1495",0,"7129-AZJDE"
"1496",0,"7203-OYKCT"
"1497",0,"7245-JMTTQ"
"1498",0,"7402-PWYJJ"
"1499",0,"7472-EQOAV"
"1500",0,"7607-QKKTJ"
"1501",0,"7661-CPURM"
"1502",0,"7663-ZTEGJ"
"1503",1,"7694-VLBWQ"
"1504",0,"7722-CVFXN"
"1505",1,"7774-OJSXI"
"1506",0,"7856-GANIL"
"1507",0,"8008-ESFLK"
"1508",0,"8133-ANHHJ"
"1509",0,"8226-BXGES"
"1510",1,"8267-ZNYVZ"
"1511",0,"8294-UIMBA"
"1512",0,"8375-KVTHK"
"1513",0,"8406-LNMHF"
"1514",0,"8597-CWYHH"
"1515",1,"8634-CILSZ"
"1516",0,"8679-LZBMD"
"1517",0,"8707-RMEZH"
"1518",0,"8769-KKTPH"
"1519",0,"8849-PRIQJ"
"1520",0,"8905-IAZPF"
"1521",0,"8920-NAVAY"
"1522",0,"8982-NHAVY"
"1523",0,"9036-CSKBW"
"1524",0,"9040-KZVWO"
"1525",1,"9254-RBFON"
"1526",0,"9323-HGFWY"
"1527",0,"9356-AXGMP"
"1528",0,"9391-DXGGG"
"1529",0,"9402-ROUMJ"
"1530",0,"9480-BQJEI"
"1531",1,"9518-RWHZL"
"1532",0,"9571-EDEBV"
"1533",1,"9651-GTSAQ"
"1534",0,"9738-QLWTP"
"1535",0,"9844-FELAJ"
"1536",0,"9978-HYCIN"
"1537",0,"0014-BMAQU"
"1538",0,"0019-EFAEP"
"1539",0,"0020-INWCK"
"1540",0,"0164-APGRB"
"1541",0,"0248-PGHBZ"
"1542",0,"0345-XMMUG"
"1543",0,"0401-WDBXM"
"1544",0,"0454-OKRCT"
"1545",0,"0479-HMSWA"
"1546",0,"0536-ACXIP"
"1547",0,"0619-OLYUR"
"1548",0,"0727-BNRLG"
"1549",0,"0742-LAFQK"
"1550",0,"0815-MFZGM"
"1551",0,"0835-JKADZ"
"1552",0,"0868-VJRDR"
"1553",1,"1150-WFARN"
"1554",0,"1291-CUOCY"
"1555",0,"1304-SEGFY"
"1556",0,"1409-PHXTF"
"1557",0,"1414-YADCW"
"1558",1,"1447-PJGGA"
"1559",0,"1545-JFUML"
"1560",1,"1555-DJEQW"
"1561",0,"1576-PFZIW"
"1562",0,"1621-YNCJH"
"1563",0,"1741-WTPON"
"1564",0,"1813-JYWTO"
"1565",0,"1832-PEUTS"
"1566",0,"2121-JAFOM"
"1567",0,"2223-GDSHL"
"1568",0,"2272-WUSPA"
"1569",0,"2277-BKJKN"
"1570",0,"2434-EEVDB"
"1571",1,"2533-QVMSK"
"1572",0,"2632-IVXVF"
"1573",0,"2664-XJZNO"
"1574",0,"2773-OVBPK"
"1575",0,"2904-GGUAZ"
"1576",0,"2988-QRAJY"
"1577",0,"3022-BEXHZ"
"1578",0,"3133-PZNSR"
"1579",1,"3192-NQECA"
"1580",0,"3363-DTIVD"
"1581",0,"3407-JMJQQ"
"1582",0,"3508-CFVZL"
"1583",0,"3520-FJGCV"
"1584",0,"3597-YASZG"
"1585",0,"3612-YUNGG"
"1586",0,"3617-XLSGQ"
"1587",0,"3729-OWRVL"
"1588",0,"3841-NFECX"
"1589",0,"3870-SPZSI"
"1590",0,"4304-TSPVK"
"1591",0,"4419-UJMUS"
"1592",0,"4513-CXYIX"
"1593",0,"4683-WYDOU"
"1594",0,"4713-ZBURT"
"1595",0,"4806-DXQCE"
"1596",1,"4853-RULSV"
"1597",0,"5055-BRMNE"
"1598",0,"5090-EMGTC"
"1599",0,"5161-UBZXI"
"1600",0,"5172-RKOCB"
"1601",0,"5304-EFJLP"
"1602",0,"5375-XLDOF"
"1603",1,"5440-FLBQG"
"1604",0,"5693-PIPCS"
"1605",0,"5781-BKHOP"
"1606",0,"5795-KTGUD"
"1607",0,"5887-IKKYO"
"1608",0,"5914-XRFQB"
"1609",0,"6035-RIIOM"
"1610",0,"6048-UWKAL"
"1611",0,"6244-BESBM"
"1612",0,"6295-OSINB"
"1613",0,"6435-VWCCY"
"1614",0,"6463-HHXJR"
"1615",0,"6519-ZHPXP"
"1616",0,"6556-DBKZF"
"1617",0,"6650-BWFRT"
"1618",0,"6733-LRIZX"
"1619",0,"6734-FQAJX"
"1620",0,"6749-UTDVX"
"1621",1,"6804-GDMOI"
"1622",0,"6837-HAEVO"
"1623",0,"6993-YCOBK"
"1624",0,"7017-VFHAY"
"1625",0,"7030-FZTFM"
"1626",0,"7036-TYDEC"
"1627",0,"7173-TETGO"
"1628",0,"7569-NMZYQ"
"1629",0,"7570-WELNY"
"1630",0,"7572-KPVKK"
"1631",0,"7602-MVRMB"
"1632",0,"7663-YJHSN"
"1633",1,"7666-WKRON"
"1634",0,"7691-XVTZH"
"1635",0,"7730-CLDSV"
"1636",0,"7740-BTPUX"
"1637",0,"8015-IHCGW"
"1638",0,"8041-TMEID"
"1639",0,"8071-SBTRN"
"1640",0,"8099-MZPUJ"
"1641",0,"8107-RZLNV"
"1642",0,"8216-AZUUZ"
"1643",0,"8265-HKSOW"
"1644",0,"8454-AATJP"
"1645",0,"8480-PPONV"
"1646",0,"8513-OLYGY"
"1647",0,"8606-CIQUL"
"1648",0,"8659-IOOPU"
"1649",0,"8853-TZDGH"
"1650",0,"8901-UPRHR"
"1651",0,"8984-EYLLL"
"1652",0,"9070-BCKQP"
"1653",0,"9128-CPXKI"
"1654",0,"9239-GZHZE"
"1655",0,"9488-FYQAU"
"1656",0,"9558-IHEZX"
"1657",0,"9570-KYEUA"
"1658",0,"9625-QNLUX"
"1659",0,"9680-NIAUV"
"1660",0,"9715-WZCLW"
"1661",0,"9777-IQHWP"
"1662",0,"9848-JQJTX"
"1663",0,"9866-OCCKE"
"1664",0,"9924-JPRMC"
"1665",0,"0042-JVWOJ"
"1666",0,"0052-YNYOT"
"1667",0,"0129-QMPDR"
"1668",1,"0203-HHYIJ"
"1669",0,"0269-XFESX"
"1670",0,"0428-AXXLJ"
"1671",0,"0661-KQHNK"
"1672",0,"0788-DXBFY"
"1673",0,"0859-YGKFW"
"1674",0,"0895-LNKRC"
"1675",0,"0902-RFHOF"
"1676",0,"0967-BMLBD"
"1677",0,"1015-JPFYW"
"1678",0,"1085-LDWAM"
"1679",0,"1131-ALZWV"
"1680",0,"1133-KXCGE"
"1681",0,"1178-PZGAB"
"1682",0,"1269-FOYWN"
"1683",0,"1682-VCOIO"
"1684",0,"1722-LDZJS"
"1685",0,"1813-JLKWR"
"1686",0,"1834-WULEG"
"1687",0,"1934-MKPXS"
"1688",0,"1964-SVLEA"
"1689",0,"1998-VHJHK"
"1690",0,"2122-SZZZD"
"1691",0,"2239-CFOUJ"
"1692",0,"2320-TZRRH"
"1693",0,"2650-GYRYL"
"1694",0,"2682-KEVRP"
"1695",0,"2690-DVRVK"
"1696",0,"2749-CTKAJ"
"1697",0,"2878-DHMIN"
"1698",0,"3125-RAHBV"
"1699",0,"3146-JTQHR"
"1700",0,"3178-CIFOT"
"1701",0,"3372-CDXFJ"
"1702",0,"3452-FLHYD"
"1703",0,"3486-NPGST"
"1704",0,"3547-LQRIK"
"1705",1,"3705-PSNGL"
"1706",0,"3727-OVPRY"
"1707",0,"3887-PBQAO"
"1708",0,"3982-JGSFD"
"1709",0,"4092-OFQZS"
"1710",0,"4163-HFTUK"
"1711",0,"4163-NCJAK"
"1712",0,"4291-YZODP"
"1713",0,"4378-BZYFP"
"1714",0,"4487-ZYJZK"
"1715",0,"4518-FZBSX"
"1716",0,"4815-TUMEQ"
"1717",0,"5003-OKNNK"
"1718",0,"5016-LIPDW"
"1719",0,"5214-CHIWJ"
"1720",0,"5312-TSZVC"
"1721",0,"5324-KTGCG"
"1722",0,"5519-TEEUH"
"1723",0,"5546-QUERU"
"1724",0,"5619-XZZKR"
"1725",0,"5642-MHDQT"
"1726",0,"5857-XRECV"
"1727",0,"5917-RYRMG"
"1728",0,"6072-NUQCB"
"1729",0,"6100-FJZDG"
"1730",0,"6188-UXBBR"
"1731",0,"6223-DHJGV"
"1732",0,"6248-BSHKG"
"1733",0,"6260-XLACS"
"1734",0,"6508-NJYRO"
"1735",0,"6510-UPNKS"
"1736",1,"6532-YLWSI"
"1737",0,"6754-WKSHP"
"1738",0,"6772-WFQRD"
"1739",0,"6924-TDGMT"
"1740",0,"6980-CDGFC"
"1741",0,"7009-PCARS"
"1742",0,"7026-YMSBE"
"1743",0,"7216-KAOID"
"1744",0,"7305-ZWMAJ"
"1745",0,"7311-MQJCH"
"1746",0,"7319-ZNRTR"
"1747",0,"7353-YOWFP"
"1748",0,"7560-QRBXH"
"1749",0,"7665-VIGUD"
"1750",0,"7677-SJJJK"
"1751",0,"7706-YLMQA"
"1752",0,"7872-BAAZR"
"1753",0,"8327-WKMIE"
"1754",0,"8332-OSJDW"
"1755",0,"8395-ETZKQ"
"1756",0,"8430-TWCBX"
"1757",0,"8510-BBWMU"
"1758",0,"8512-WIWYV"
"1759",0,"8590-OHDIW"
"1760",0,"8592-PLTMQ"
"1761",0,"8779-YIQQA"
"1762",0,"8884-FEEWR"
"1763",0,"8884-MRNSU"
"1764",0,"8958-JPTRR"
"1765",0,"8966-OIQHG"
"1766",0,"9067-SQTNS"
"1767",0,"9229-RQABD"
"1768",0,"9442-JTWDL"
"1769",0,"9483-GCPWE"
"1770",0,"9498-FIMXL"
"1771",0,"9522-ZSINC"
"1772",0,"9575-IWCAZ"
"1773",0,"9746-UGFAC"
"1774",0,"9845-QOMAD"
